Air Force,https://www.youtube.com/watch?v=-ucijwgpwJU,https://www.youtube.com/watch?v=VCYdh_TG5uc,https://www.youtube.com/watch?v=vQ9b8LF57Ho
Akron,https://www.youtube.com/watch?v=4TbALzQknp4,https://www.youtube.com/watch?v=LmJMD3pPlOQ,https://www.youtube.com/watch?v=8d6gchP6QT4
Alabama,https://www.youtube.com/watch?v=J5c_a03t-Ls,https://www.youtube.com/watch?v=GCYQXyHwOUE,https://www.youtube.com/watch?v=v8ICkhvkjCo
Appalachian State,https://www.youtube.com/watch?v=EcOwhV0XWp4,https://www.youtube.com/watch?v=PWa6XEiSbIc,https://www.youtube.com/watch?v=DNHRhCurnOk
Arizona,https://www.youtube.com/watch?v=mrqHFT-Ukys,https://www.youtube.com/watch?v=7TsAQTJ4slc,https://www.youtube.com/watch?v=nUMeRoupkXc
Arizona State,https://www.youtube.com/watch?v=lcOYnbj2ots,https://www.youtube.com/watch?v=U0MAqq6xIyQ,https://www.youtube.com/watch?v=GDEuJ055eXI
Arkansas,https://www.youtube.com/watch?v=8NKJR5-hWS0,https://www.youtube.com/watch?v=2vRLdphLgmU,https://www.youtube.com/watch?v=GWXuq1JKFa8
Arkansas State,https://www.youtube.com/watch?v=4Cjo3Xw5s7A,https://www.youtube.com/watch?v=7OgV73h1Hro,https://www.youtube.com/watch?v=5G9VcqCRmLI
Army,https://www.youtube.com/watch?v=wEPB6SMwTLI,https://www.youtube.com/watch?v=tbRYZ0O4MJE,https://www.youtube.com/watch?v=tfcFYTNSaFg
Auburn,https://www.youtube.com/watch?v=XmlTWz4dyxg,https://www.youtube.com/watch?v=1KC2d457GFw,https://www.youtube.com/watch?v=TvvlJg8E6CU
Ball State,https://www.youtube.com/watch?v=uqgEketaZT4,https://www.youtube.com/watch?v=BS7PECgj-7E,https://www.youtube.com/watch?v=8jItPknPuL0
Baylor,https://www.youtube.com/watch?v=fvl3eKuzzSU,https://www.youtube.com/watch?v=zVjgd5SN8rw,https://www.youtube.com/watch?v=ike9jLKzCEI
Boise State,https://www.youtube.com/watch?v=ttbA8L1iV-A,https://www.youtube.com/watch?v=I0svtiiw75M,https://www.youtube.com/watch?v=SIzq5Q3UD4k
Boston College,https://www.youtube.com/watch?v=q_RtXsozV4g,https://www.youtube.com/watch?v=_GDcvYhx1iY,https://www.youtube.com/watch?v=DOJUKEBdjqk
Bowling Green,https://www.youtube.com/watch?v=9QazVYE1qvc,https://www.youtube.com/watch?v=DlGpyXgXyMM,https://www.youtube.com/watch?v=ky8YxwjsJiQ
Buffalo,https://www.youtube.com/watch?v=drer1-cF7Ys,https://www.youtube.com/watch?v=APNoF086eJw,https://www.youtube.com/watch?v=gw5AT-zrblQ
BYU,https://www.youtube.com/watch?v=pX_kC3oAyu4,https://www.youtube.com/watch?v=Erk3XIZmf1Q,https://www.youtube.com/watch?v=aSZqLWwj_5g
California,https://www.youtube.com/watch?v=7Uffsn8Asgk,https://www.youtube.com/watch?v=6tD4YkXl4qo,https://www.youtube.com/watch?v=5XjXmnRCIKk
Central Michigan,https://www.youtube.com/watch?v=FdEbUz5MS8c,https://www.youtube.com/watch?v=FB3DYmuTtC0,https://www.youtube.com/watch?v=GeRd4PaUyjA
Charlotte,https://www.youtube.com/watch?v=FRrjtTNlARI,https://www.youtube.com/watch?v=vMX1PAuGFNA,https://www.youtube.com/watch?v=w3p9bL0RPHo
Cincinnati,https://www.youtube.com/watch?v=ST4vlTQn9gk,https://www.youtube.com/watch?v=x87pcF-PnBw,https://www.youtube.com/watch?v=DSfC6hWwits
Clemson,https://www.youtube.com/watch?v=lWMFpgUGTpo,https://www.youtube.com/watch?v=8gDbOj7Xt5w,https://www.youtube.com/watch?v=msDNLpKLGWU
Coastal Carolina,https://www.youtube.com/watch?v=83UXrb75G24,https://www.youtube.com/watch?v=M2xHHtVTJqs,https://www.youtube.com/watch?v=1F-A5GMgCuE
Colorado,https://www.youtube.com/watch?v=2c1JIv4ahFQ,https://www.youtube.com/watch?v=CHvVgHVvkwY,https://www.youtube.com/watch?v=uBloTzouaW0
Colorado State,https://www.youtube.com/watch?v=oJxgzWsam9w,https://www.youtube.com/watch?v=oorVCD-3cxU,https://www.youtube.com/watch?v=Df6TPyUJTSc
Connecticut,https://www.youtube.com/watch?v=i9KitUNZSrY,https://www.youtube.com/watch?v=jpqLXZHCtdM,https://www.youtube.com/watch?v=DawiBKkM4uw
Duke,https://www.youtube.com/watch?v=wY0bTn_0B4c,https://www.youtube.com/watch?v=P-RWL4sIFSc,https://www.youtube.com/watch?v=9hpnOSGG4V4
East Carolina,https://www.youtube.com/watch?v=JVihvtxhbPw,https://www.youtube.com/watch?v=Ng_acXLTkW8,https://www.youtube.com/watch?v=zHw2HNWUZ78
Eastern Michigan,https://www.youtube.com/watch?v=-mJSUHXCDQs,https://www.youtube.com/watch?v=Sljfjm3lgw8,https://www.youtube.com/watch?v=Rlbr-KpJjeY
Florida,https://www.youtube.com/watch?v=yiwuTvoB7sc,https://www.youtube.com/watch?v=3Hw0B4cI_DM,https://www.youtube.com/watch?v=6jONkszjzmY
Florida Atlantic,https://www.youtube.com/watch?v=uZflOSTRqVk,https://www.youtube.com/watch?v=9m3VUP2NPOg,https://www.youtube.com/watch?v=KH-FdhSZohY
Florida International,https://www.youtube.com/watch?v=XIhsb-RNNJ4,https://www.youtube.com/watch?v=4ys5O2XnNJs,https://www.youtube.com/watch?v=7F0B7reFwBI
Florida State,https://www.youtube.com/watch?v=yLkUKed4deM,https://www.youtube.com/watch?v=014zG0JIKt4,https://www.youtube.com/watch?v=lGi_h64MwYo
Fresno State,https://www.youtube.com/watch?v=FpLfJwY7_eg,https://www.youtube.com/watch?v=dB41CmfsfxA,https://www.youtube.com/watch?v=F5AJMKd8FUU
Georgia,https://www.youtube.com/watch?v=kzMzkxdjt_Q,https://www.youtube.com/watch?v=QfoZI4DeLds,https://www.youtube.com/watch?v=QRXtWSyD72w
Georgia Southern,https://www.youtube.com/watch?v=-SWuZr3_GME,https://www.youtube.com/watch?v=Uh-vidfO8oM,https://www.youtube.com/watch?v=SfEHYVuQXiE
Georgia State,https://www.youtube.com/watch?v=6qr3Uw0z-vE,https://www.youtube.com/watch?v=7tc8FTva2ec,https://www.youtube.com/watch?v=oh4lMm7sZ14
Georgia Tech,https://www.youtube.com/watch?v=u3hsQYNUo54,https://www.youtube.com/watch?v=33vKwHHAJ14,https://www.youtube.com/watch?v=_0Liir9960A
Hawaii,https://www.youtube.com/watch?v=DomMXWNV7FU,https://www.youtube.com/watch?v=mx-EfGeZHKc,https://www.youtube.com/watch?v=R9-8U-L1tgI
Houston,https://www.youtube.com/watch?v=Kmir5tV7AkM,https://www.youtube.com/watch?v=9bCJHyJ6vP4,https://www.youtube.com/watch?v=MygQLsTey1Q
Illinois,https://www.youtube.com/watch?v=UX4k_65FG58,https://www.youtube.com/watch?v=FZOIb61WAhs,https://www.youtube.com/watch?v=wf0sLgZACC4
Indiana,https://www.youtube.com/watch?v=-K_8QbMUS2Y,https://www.youtube.com/watch?v=z7dTgEAYwvQ,https://www.youtube.com/watch?v=RAzv73gx_C8
Iowa,https://www.youtube.com/watch?v=m7Bc126S0o4,https://www.youtube.com/watch?v=1FwoDFBLxZU,https://www.youtube.com/watch?v=2_foVaC7224
Iowa State,https://www.youtube.com/watch?v=Zlhu68lzCow,https://www.youtube.com/watch?v=DtogyKJhpV8,https://www.youtube.com/watch?v=gARLS-D17VM
Kansas,https://www.youtube.com/watch?v=QkA5HXbifEs,https://www.youtube.com/watch?v=EERwn6vEqIE,https://www.youtube.com/watch?v=9VPuQOutmEg
Kansas State,https://www.youtube.com/watch?v=LSnzb3JL7Qo,https://www.youtube.com/watch?v=zVjgd5SN8rw,https://www.youtube.com/watch?v=3ud2IyCulNQ
Kent State,https://www.youtube.com/watch?v=FHsG0E0Dnd0,https://www.youtube.com/watch?v=2uMx20-ZiOE,https://www.youtube.com/watch?v=vxFoz_Sh3OM
Kentucky,https://www.youtube.com/watch?v=7xaIuAL1Tbw,https://www.youtube.com/watch?v=uLL2vAK7fXk,https://www.youtube.com/watch?v=iVvVO7tPa0s
Liberty,https://www.youtube.com/watch?v=fMnM5wKRftU,https://www.youtube.com/watch?v=hdgfyD0ZxVs,https://www.youtube.com/watch?v=cA-0_OQsJPA
Louisiana,https://www.youtube.com/watch?v=qkWdPPCoWCY,https://www.youtube.com/watch?v=WetWv7QQXiw,https://www.youtube.com/watch?v=mj0zPUiolFk
Lousisiana Monroe,https://www.youtube.com/watch?v=gIbpnxQukOA,https://www.youtube.com/watch?v=gxp1C0W8XNA,https://www.youtube.com/watch?v=mj0zPUiolFk
Louisiana Tech,https://www.youtube.com/watch?v=lhXWwC5euZc,https://www.youtube.com/watch?v=w_1KNOliPLE,https://www.youtube.com/watch?v=cH9X2wCWDjk
Louisville,https://www.youtube.com/watch?v=FxLNqYHzlKY,https://www.youtube.com/watch?v=Q3dIHE_Nkmg,https://www.youtube.com/watch?v=5-g9zqZP_hs
LSU,https://www.youtube.com/watch?v=uGotb41JJz4,https://www.youtube.com/watch?v=hUr474yMbGY,https://www.youtube.com/watch?v=DclsJ5KTg78
Marshall,https://www.youtube.com/watch?v=pNTbBPCZGWc,https://www.youtube.com/watch?v=-uGVqABXA4A,https://www.youtube.com/watch?v=MVtv5Hoo9E8
Maryland,https://www.youtube.com/watch?v=ihGoy_DKd1o,https://www.youtube.com/watch?v=g71nT9dURo8,https://www.youtube.com/watch?v=1fU21c71REk
Memphis,https://www.youtube.com/watch?v=Sz9nI6BzP1g,https://www.youtube.com/watch?v=6CS4JtcFSrc,https://www.youtube.com/watch?v=e5yGFZ33txs
Miami,https://www.youtube.com/watch?v=S4H_byKMVMI,https://www.youtube.com/watch?v=xFyaO7dk1ng,https://www.youtube.com/watch?v=-ECYulRYOHk
Miami (OH),https://www.youtube.com/watch?v=5ohro0uNzmA,https://www.youtube.com/watch?v=Gf-4efvdYQU,https://www.youtube.com/watch?v=x8hz9KBrRbA
Michigan,https://www.youtube.com/watch?v=X-syRrqH8jQ,https://www.youtube.com/watch?v=bs6nfN1x9oM,https://www.youtube.com/watch?v=dYg1G6bW7Xg
Michigan State,https://www.youtube.com/watch?v=4bJo-i392Vc,https://www.youtube.com/watch?v=cBzu7K2oQsg,https://www.youtube.com/watch?v=UaJ2W8mkqkM
Middle Tennessee,https://www.youtube.com/watch?v=xmxLgOr6XY0,https://www.youtube.com/watch?v=00rfUPbrgDU,https://www.youtube.com/watch?v=4sNSvmmBKWk
Minnesota,https://www.youtube.com/watch?v=9LxeLCgqYuM,https://www.youtube.com/watch?v=JrYnuiN1wcI,https://www.youtube.com/watch?v=lfiXWt_mbtM
Mississippi State,https://www.youtube.com/watch?v=1d3IL4STWYc,https://www.youtube.com/watch?v=4qGZ7ktZgqo,https://www.youtube.com/watch?v=isBOeeTj2jw
Missouri,https://www.youtube.com/watch?v=dlFZpL0kxqc,https://www.youtube.com/watch?v=cVr65l-dxXQ,https://www.youtube.com/watch?v=Jhu9xKl-yjQ
Navy,https://www.youtube.com/watch?v=H4FXRAUkFeQ,https://www.youtube.com/watch?v=eeahMzPQkgk,https://www.youtube.com/watch?v=kRQGtc0Ezss
NC State,https://www.youtube.com/watch?v=mriQw7Oz-44,https://www.youtube.com/watch?v=oDHL597HOvU,https://www.youtube.com/watch?v=kqL_uydfBWI
Nebraska,https://www.youtube.com/watch?v=bJHi4Vj1EAA,https://www.youtube.com/watch?v=kIeXgX5FwL0,https://www.youtube.com/watch?v=RWKjxbXLQ_s
Nevada,https://www.youtube.com/watch?v=DDefe0V2NVo,https://www.youtube.com/watch?v=kM98ajH0Neo,https://www.youtube.com/watch?v=uck7tQqieoQ
New Mexico,https://www.youtube.com/watch?v=CdC7uDMxSmM,https://www.youtube.com/watch?v=AeCjA-NabEo,https://www.youtube.com/watch?v=02nTRUirRvY
New Mexico State,https://www.youtube.com/watch?v=kux__-GedeM,https://www.youtube.com/watch?v=B3spUA5-e_M,https://www.youtube.com/watch?v=ExHBgE6nZ4M
North Carolina,https://www.youtube.com/watch?v=FD4PoIk62OQ,https://www.youtube.com/watch?v=2-FXKOp95yU,https://www.youtube.com/watch?v=obrzl50ikJQ
Northern Illinois,https://www.youtube.com/watch?v=yApLt6o-vlo,https://www.youtube.com/watch?v=bUul3OxsD8g,https://www.youtube.com/watch?v=AqdJ0exg8w8
North Texas,https://www.youtube.com/watch?v=-IIvt8Iywx0,https://www.youtube.com/watch?v=pJShbw7IDn0,https://www.youtube.com/watch?v=Ku0N3x3RbiE
Northwestern,https://www.youtube.com/watch?v=RKzgsBQf5vY,https://www.youtube.com/watch?v=3scczIS4ddM,https://www.youtube.com/watch?v=G-2TZ1Ksmgg
Notre Dame,https://www.youtube.com/watch?v=LT8X3zdyjsY,https://www.youtube.com/watch?v=YrWazafW2I8,https://www.youtube.com/watch?v=jXrErS6u_fo
Ohio,https://www.youtube.com/watch?v=oDpAFRofNPg,https://www.youtube.com/watch?v=65xlGQgxVUU,https://www.youtube.com/watch?v=sKVkaK2Wv6A
Ohio State,https://www.youtube.com/watch?v=5-a9JJV2e-8,https://www.youtube.com/watch?v=eH1-8rdgHbI,https://www.youtube.com/watch?v=upo0dPKPupU
Oklahoma,https://www.youtube.com/watch?v=tt45W4OnQVs,https://www.youtube.com/watch?v=-F0K2FgLDIw,https://www.youtube.com/watch?v=zVa5is6RuYg
Oklahoma State,https://www.youtube.com/watch?v=ua0JmR5mxTA,https://www.youtube.com/watch?v=dL3syTOo7kY,https://www.youtube.com/watch?v=EaGI45f5ohs
Old Dominion,https://www.youtube.com/watch?v=vV7f-KGTEMw,https://www.youtube.com/watch?v=bJb5sxM49Ks,https://www.youtube.com/watch?v=TskxfR4h63Q
Ole Miss,https://www.youtube.com/watch?v=GMFrqKU4oFg,https://www.youtube.com/watch?v=pwsekyiYzDw,https://www.youtube.com/watch?v=FMT9dNDgUEc
Oregon,https://www.youtube.com/watch?v=vY5o_ADzy3M,https://www.youtube.com/watch?v=ru61c22_2Jw,https://www.youtube.com/watch?v=2JOP6QkyzUE
Oregon State,https://www.youtube.com/watch?v=_T3WJXzHzOg,https://www.youtube.com/watch?v=cFPgWYJMiuA,https://www.youtube.com/watch?v=j_1duLDU5jI
Penn State,https://www.youtube.com/watch?v=tNCJBrVssYs,https://www.youtube.com/watch?v=20OT3WAeV7w,https://www.youtube.com/watch?v=IDXqopy7bJY
Pittsburgh,https://www.youtube.com/watch?v=nGUQU80qEH4,https://www.youtube.com/watch?v=vD3_3A2P1l4,https://www.youtube.com/watch?v=kAYd1petfC0
Purdue,https://www.youtube.com/watch?v=dZ3W-HPuQOo,https://www.youtube.com/watch?v=8NBWaI39IN8,https://www.youtube.com/watch?v=NdYEPXDn2ew
Rice,https://www.youtube.com/watch?v=RKqRTPy3usg,https://www.youtube.com/watch?v=FAZtWYV7ZeE,https://www.youtube.com/watch?v=XPL4tu4IlbU
Rutgers,https://www.youtube.com/watch?v=yF9bteKSGW4,https://www.youtube.com/watch?v=Aj41PuQdEvA,https://www.youtube.com/watch?v=bt4Jcr72kFA
San Diego State,https://www.youtube.com/watch?v=bplBkHWm5HY,https://www.youtube.com/watch?v=U1w58hAQsPo,https://www.youtube.com/watch?v=nyLZB_ua3DY
San Jose State,https://www.youtube.com/watch?v=5rWKH3gQSQs,https://www.youtube.com/watch?v=ISMX8GdnEbI,https://www.youtube.com/watch?v=cLuCvjSmO_s
SMU,https://www.youtube.com/watch?v=zGmSprZCTHI,https://www.youtube.com/watch?v=nyfoW6SUL_g,https://www.youtube.com/watch?v=2eIVap5I22c
South Alabama,https://www.youtube.com/watch?v=gUMl7CN82M0,https://www.youtube.com/watch?v=cJi2P9GJVo8,https://www.youtube.com/watch?v=GTJU8O4Ek3o
South Carolina,https://www.youtube.com/watch?v=D0CQP0Tlj1o,https://www.youtube.com/watch?v=OyqSWSY5zv0,https://www.youtube.com/watch?v=93iu_EvFzcc
Southern Mississippi,https://www.youtube.com/watch?v=mkPzGDddJLc,https://www.youtube.com/watch?v=DXfntRGbbro,https://www.youtube.com/watch?v=bc07b9McOj0
South Florida,https://www.youtube.com/watch?v=9SZmrpsWp1A,https://www.youtube.com/watch?v=_e5vigmSkFk,https://www.youtube.com/watch?v=X9vY-DCU8gg
Stanford,https://www.youtube.com/watch?v=kZg60t2FxOs,https://www.youtube.com/watch?v=3f58bJ94Uy4,https://www.youtube.com/watch?v=AUoHhPOLzrw
Syracuse,https://www.youtube.com/watch?v=cYjXDJWu1F8,https://www.youtube.com/watch?v=6cvM5hZWeok,https://www.youtube.com/watch?v=Kh-uMVdETHc
TCU,https://www.youtube.com/watch?v=jj-eu4Lj-rM,https://www.youtube.com/watch?v=VJPJf5vQG8I,https://www.youtube.com/watch?v=Nz48Mp55Jjo
Temple,https://www.youtube.com/watch?v=rNiSiOa8auI,https://www.youtube.com/watch?v=uUkiND-T8L4,https://www.youtube.com/watch?v=oul1U_hQvho
Tennessee,https://www.youtube.com/watch?v=9AozaXizgsg,https://www.youtube.com/watch?v=5RUED0urV9Q,https://www.youtube.com/watch?v=Az6YP6lzhjQ
Texas,https://www.youtube.com/watch?v=Jb4wzWT_0Ow,https://www.youtube.com/watch?v=4g8NKdqpV_0,https://www.youtube.com/watch?v=g0bJcTqta5k
Texas A&M,https://www.youtube.com/watch?v=6rtVipg8e9U,https://www.youtube.com/watch?v=Dg-4Cp1cZpk,https://www.youtube.com/watch?v=ugg3PYmZars
Texas State,https://www.youtube.com/watch?v=u8Iftmv45Tc,https://www.youtube.com/watch?v=0MVQknSOPhE,https://www.youtube.com/watch?v=46Mr8uV6y84
Texas Tech,https://www.youtube.com/watch?v=wdPdcvNtEas,https://www.youtube.com/watch?v=oI8LAgpx3Qc,https://www.youtube.com/watch?v=_tEWSD0oOuE
Toledo,https://www.youtube.com/watch?v=3HokVcbls_g,https://www.youtube.com/watch?v=8MLtHDSP0sQ,https://www.youtube.com/watch?v=gyxOoplCgq8
Troy,https://www.youtube.com/watch?v=iDLVawPutYc,https://www.youtube.com/watch?v=ugJnRsnMUqg,https://www.youtube.com/watch?v=CIxdUugqrJc
Tulane,https://www.youtube.com/watch?v=I4YaqUWpV2Y,https://www.youtube.com/watch?v=gbyYeG_2slE,https://www.youtube.com/watch?v=lTs8yjImP58
Tulsa,https://www.youtube.com/watch?v=-V4WmxSmI78,https://www.youtube.com/watch?v=vgHOuI_-Zz0,https://www.youtube.com/watch?v=fcBS4v4IXs0
UAB,https://www.youtube.com/watch?v=-CKgCPy6oGU,https://www.youtube.com/watch?v=4ANV_yPTPr4,https://www.youtube.com/watch?v=PsPFacTNgrg
UCF,https://www.youtube.com/watch?v=sIjxqtyjiaA,https://www.youtube.com/watch?v=FdCEwQh7OIw,https://www.youtube.com/watch?v=ehdCIAuryOY
UCLA,https://www.youtube.com/watch?v=tuUfNFvsXZk,https://www.youtube.com/watch?v=RqGC1eMmUE4,https://www.youtube.com/watch?v=q7NAx9AUdsI
UMass,https://www.youtube.com/watch?v=sHkuurRJz8Y,https://www.youtube.com/watch?v=a09PCiL5IZk,https://www.youtube.com/watch?v=3b_gl1WR_bA
UNLV,https://www.youtube.com/watch?v=-VfGi_Qkcfg,https://www.youtube.com/watch?v=HwvIhUKwoqU,https://www.youtube.com/watch?v=h0QTpHAVLg4
USC,https://www.youtube.com/watch?v=WJxd-80C0IA,https://www.youtube.com/watch?v=-GR4mcc2OpM,https://www.youtube.com/watch?v=E-i285BPUOA
Utah,https://www.youtube.com/watch?v=cvCU8GleD9A,https://www.youtube.com/watch?v=BezeJbrZRKM,https://www.youtube.com/watch?v=U4GJtNDZX2Y&t=6s
Utah State,https://www.youtube.com/watch?v=2nUEg8ecK1I,https://www.youtube.com/watch?v=I53df92QSwY,https://www.youtube.com/watch?v=v6CckV5AoqE
UTEP,https://www.youtube.com/watch?v=bbheYGiYg2I,https://www.youtube.com/watch?v=0JpU2LS1fkQ,https://www.youtube.com/watch?v=vDHPytWakJc
UT San Antonio,https://www.youtube.com/watch?v=JHgSlu47EeE,https://www.youtube.com/watch?v=8PtA4Yp4NPI,https://www.youtube.com/watch?v=kNvObv6R4Xg
Vanderbilt,https://www.youtube.com/watch?v=qgxEPWqCGA4,https://www.youtube.com/watch?v=dtAdq1pTRjU,https://www.youtube.com/watch?v=vDTgkG1bT3Y
Virginia,https://www.youtube.com/watch?v=c3-i7fHkfdI,https://www.youtube.com/watch?v=Bqk5g604hhk,https://www.youtube.com/watch?v=kQ3htq83rI0
Virginia Tech,https://www.youtube.com/watch?v=IGP4Og7wTAY,https://www.youtube.com/watch?v=M_xtdp-eCi4,https://www.youtube.com/watch?v=4U3sG_0-2XU
Wake Forest,https://www.youtube.com/watch?v=8j1Do8dvypA,https://www.youtube.com/watch?v=YQR5ZvewuAQ,https://www.youtube.com/watch?v=CtaJUM4o4oo
Washington,https://www.youtube.com/watch?v=NOQEF4eBMqo,https://www.youtube.com/watch?v=V__dXm8MAk8,https://www.youtube.com/watch?v=YVjp0CAVTLU
Washington State,https://www.youtube.com/watch?v=JCc1dwA5fHE,https://www.youtube.com/watch?v=pXilkga-iXk,https://www.youtube.com/watch?v=Q6xC2Vku6cw
Western Kentucky,https://www.youtube.com/watch?v=UXdqgZ-kFbY,https://www.youtube.com/watch?v=jkwG6nrFXHo,https://www.youtube.com/watch?v=4iC83UGKcpI
Western Michigan,https://www.youtube.com/watch?v=Gel_oBPJrKM,https://www.youtube.com/watch?v=dk9bRLocYFI,https://www.youtube.com/watch?v=jmoZjjfI7Wc
West Virginia,https://www.youtube.com/watch?v=d7aIQizUzdc,https://www.youtube.com/watch?v=gZNBQHDSWOw,https://www.youtube.com/watch?v=37Vb-SDsuQo
Wisconsin,https://www.youtube.com/watch?v=dX2lDpx_UAY,https://www.youtube.com/watch?v=zcqOZvfD3Q0,https://www.youtube.com/watch?v=iLDF9xfoEkk
Wyoming,https://www.youtube.com/watch?v=QTuKHNz9vbA,https://www.youtube.com/watch?v=d5NO_BZBXX8,https://www.youtube.com/watch?v=FW4ms35fQUQ